OrderID,Region,AgeGroup,ProductCategory,Sales,ProfitMargin,Profit
1,UK,25-34,Accessories,154.33,0.37,57.1
2,Latin America,45-54,Accessories,87.51,0.49,42.88
3,Asia Pacific,35-44,Jeans,116.36,0.42,48.87
4,Latin America,18-24,Jeans,561.02,0.3,168.31
5,Latin America,35-44,Jeans,366.88,0.31,113.73
6,Europe,55+,Accessories,765.35,0.37,283.18
7,Asia Pacific,45-54,Polo Shirts,1191.31,0.38,452.7
8,Asia Pacific,35-44,Polo Shirts,494.27,0.33,163.11
9,Asia Pacific,25-34,Jeans,709.92,0.38,269.77
10,Latin America,55+,Footwear,527.94,0.16,84.47
11,UK,55+,Polo Shirts,1024.36,0.3,307.31
12,Asia Pacific,35-44,Accessories,1087.57,0.25,271.89
13,Latin America,35-44,Outerwear,1058.96,0.2,211.79
14,Europe,45-54,Outerwear,1170.53,0.18,210.7
15,UK,18-24,Outerwear,81.65,0.36,29.39
16,Europe,35-44,Footwear,1015.79,0.33,335.21
17,UK,35-44,Jeans,914.54,0.24,219.49
18,Latin America,25-34,Accessories,313.0,0.31,97.03
19,North America,55+,Footwear,1149.77,0.32,367.93
20,UK,18-24,Accessories,220.4,0.22,48.49
21,Europe,25-34,Accessories,831.48,0.38,315.96
22,Latin America,45-54,Jeans,308.62,0.42,129.62
23,UK,45-54,Outerwear,546.09,0.43,234.82
24,North America,35-44,Jeans,877.03,0.36,315.73
25,North America,35-44,Footwear,697.82,0.33,230.28
26,Asia Pacific,45-54,Footwear,541.63,0.17,92.08
27,Asia Pacific,35-44,Footwear,425.29,0.25,106.32
28,Europe,18-24,Jeans,1015.61,0.18,182.81
29,UK,35-44,Accessories,215.39,0.49,105.54
30,UK,55+,Accessories,544.62,0.2,108.92
31,Asia Pacific,35-44,Polo Shirts,1089.32,0.2,217.86
32,UK,25-34,Footwear,1022.73,0.46,470.46
33,UK,18-24,Accessories,511.08,0.48,245.32
34,North America,25-34,Polo Shirts,927.57,0.42,389.58
35,Asia Pacific,25-34,Accessories,996.63,0.15,149.49
36,Latin America,55+,Footwear,1072.22,0.15,160.83
37,Asia Pacific,18-24,Outerwear,676.18,0.28,189.33
38,Latin America,18-24,Footwear,285.13,0.2,57.03
39,North America,18-24,Jeans,343.61,0.16,54.98
40,Europe,18-24,Accessories,390.05,0.31,120.92
41,UK,18-24,Accessories,732.87,0.48,351.78
42,North America,55+,Jeans,87.73,0.26,22.81
43,UK,35-44,Jeans,781.45,0.38,296.95
44,Europe,25-34,Outerwear,469.01,0.38,178.22
45,Europe,18-24,Accessories,389.53,0.24,93.49
46,North America,35-44,Accessories,1061.42,0.38,403.34
47,Europe,35-44,Outerwear,579.0,0.22,127.38
48,Latin America,25-34,Polo Shirts,159.31,0.19,30.27
49,Europe,55+,Outerwear,1000.76,0.4,400.3
50,UK,45-54,Footwear,104.79,0.19,19.91
51,UK,45-54,Accessories,885.76,0.5,442.88
52,UK,35-44,Jeans,939.99,0.21,197.4
53,UK,25-34,Footwear,455.49,0.36,163.98
54,Latin America,45-54,Accessories,998.51,0.29,289.57
55,Asia Pacific,35-44,Outerwear,643.01,0.19,122.17
56,North America,55+,Footwear,582.79,0.16,93.25
57,UK,45-54,Accessories,102.21,0.37,37.82
58,Europe,35-44,Polo Shirts,383.53,0.43,164.92
59,UK,35-44,Polo Shirts,1120.66,0.44,493.09
60,Europe,18-24,Jeans,500.6,0.32,160.19
61,Europe,55+,Accessories,678.71,0.42,285.06
62,UK,18-24,Polo Shirts,661.82,0.39,258.11
63,Latin America,25-34,Outerwear,729.0,0.4,291.6
64,Europe,18-24,Accessories,120.53,0.32,38.57
65,Europe,18-24,Outerwear,466.5,0.37,172.6
66,UK,45-54,Outerwear,881.6,0.43,379.09
67,Europe,35-44,Polo Shirts,280.64,0.29,81.39
68,Europe,55+,Accessories,284.12,0.43,122.17
69,UK,18-24,Footwear,61.6,0.36,22.18
70,UK,55+,Polo Shirts,553.1,0.21,116.15
71,North America,18-24,Polo Shirts,1065.14,0.16,170.42
72,Latin America,25-34,Accessories,109.69,0.28,30.71
73,Latin America,18-24,Accessories,269.79,0.34,91.73
74,Europe,45-54,Outerwear,406.6,0.44,178.9
75,Latin America,35-44,Accessories,891.48,0.19,169.38
76,Europe,25-34,Outerwear,786.73,0.43,338.29
77,North America,18-24,Polo Shirts,528.34,0.45,237.75
78,UK,55+,Jeans,922.93,0.2,184.59
79,UK,25-34,Footwear,751.08,0.45,337.99
80,UK,25-34,Polo Shirts,1080.45,0.5,540.22
81,Latin America,18-24,Accessories,990.73,0.4,396.29
82,North America,25-34,Footwear,340.74,0.42,143.11
83,Latin America,55+,Jeans,362.15,0.5,181.08
84,Latin America,25-34,Jeans,194.16,0.36,69.9
85,North America,55+,Outerwear,437.51,0.26,113.75
86,North America,18-24,Footwear,1199.48,0.44,527.77
87,North America,35-44,Outerwear,516.61,0.37,191.15
88,North America,25-34,Polo Shirts,303.56,0.35,106.25
89,UK,35-44,Footwear,926.86,0.24,222.45
90,Asia Pacific,55+,Polo Shirts,673.84,0.41,276.27
91,Asia Pacific,25-34,Outerwear,222.04,0.18,39.97
92,North America,45-54,Footwear,487.79,0.47,229.26
93,Asia Pacific,35-44,Outerwear,526.64,0.26,136.93
94,Asia Pacific,25-34,Footwear,916.9,0.19,174.21
95,North America,35-44,Outerwear,73.77,0.3,22.13
96,Asia Pacific,25-34,Jeans,359.37,0.16,57.5
97,Latin America,18-24,Outerwear,645.24,0.39,251.64
98,Europe,35-44,Jeans,359.17,0.47,168.81
99,Europe,45-54,Outerwear,772.7,0.44,339.99
100,North America,45-54,Footwear,604.15,0.19,114.79
101,UK,55+,Footwear,465.97,0.19,88.53
102,North America,25-34,Footwear,1141.59,0.43,490.88
103,UK,35-44,Accessories,776.98,0.47,365.18
104,Europe,55+,Polo Shirts,199.43,0.31,61.82
105,North America,35-44,Footwear,694.11,0.32,222.12
106,Latin America,25-34,Jeans,947.84,0.26,246.44
107,Asia Pacific,45-54,Footwear,864.76,0.46,397.79
108,UK,18-24,Accessories,247.9,0.38,94.2
109,Asia Pacific,45-54,Jeans,1168.28,0.25,292.07
110,Asia Pacific,55+,Accessories,566.14,0.25,141.54
111,North America,18-24,Jeans,232.88,0.46,107.12
112,Asia Pacific,55+,Outerwear,257.23,0.15,38.58
113,Latin America,25-34,Polo Shirts,162.97,0.26,42.37
114,Asia Pacific,18-24,Polo Shirts,974.05,0.34,331.18
115,North America,55+,Accessories,190.34,0.2,38.07
116,Latin America,25-34,Polo Shirts,193.89,0.18,34.9
117,Europe,45-54,Accessories,1028.04,0.44,452.34
118,Asia Pacific,25-34,Accessories,446.29,0.46,205.29
119,North America,35-44,Accessories,85.49,0.44,37.62
120,Europe,25-34,Polo Shirts,109.68,0.46,50.45
121,Europe,25-34,Accessories,213.5,0.34,72.59
122,UK,35-44,Polo Shirts,295.4,0.43,127.02
123,Latin America,55+,Accessories,814.92,0.28,228.18
124,Asia Pacific,55+,Footwear,230.93,0.38,87.75
125,North America,25-34,Accessories,186.71,0.5,93.36
126,UK,35-44,Jeans,929.43,0.23,213.77
127,Latin America,35-44,Accessories,821.71,0.29,238.3
128,UK,45-54,Outerwear,550.62,0.32,176.2
129,Latin America,55+,Accessories,681.71,0.2,136.34
130,Latin America,18-24,Jeans,408.78,0.18,73.58
131,Asia Pacific,55+,Jeans,604.88,0.44,266.15
132,Latin America,55+,Polo Shirts,632.67,0.49,310.01
133,UK,45-54,Footwear,495.32,0.29,143.64
134,Latin America,18-24,Accessories,1092.56,0.18,196.66
135,Asia Pacific,45-54,Polo Shirts,68.47,0.17,11.64
136,Asia Pacific,18-24,Footwear,949.5,0.46,436.77
137,UK,25-34,Accessories,193.04,0.31,59.84
138,Europe,18-24,Outerwear,967.18,0.26,251.47
139,Europe,45-54,Accessories,758.3,0.32,242.66
140,Latin America,55+,Jeans,1019.77,0.26,265.14
141,North America,18-24,Jeans,162.14,0.32,51.88
142,Latin America,18-24,Outerwear,692.83,0.45,311.77
143,UK,35-44,Polo Shirts,626.25,0.36,225.45
144,UK,55+,Footwear,862.12,0.39,336.23
145,UK,25-34,Accessories,664.43,0.28,186.04
146,UK,45-54,Jeans,671.84,0.41,275.45
147,UK,25-34,Polo Shirts,544.04,0.38,206.74
148,Asia Pacific,55+,Outerwear,405.16,0.19,76.98
149,Europe,18-24,Jeans,604.6,0.35,211.61
150,UK,18-24,Outerwear,186.27,0.24,44.7
151,North America,55+,Accessories,1155.74,0.43,496.97
152,North America,18-24,Footwear,871.57,0.3,261.47
153,North America,18-24,Jeans,1145.34,0.5,572.67
154,North America,18-24,Jeans,310.74,0.18,55.93
155,Asia Pacific,45-54,Accessories,1061.24,0.42,445.72
156,North America,45-54,Polo Shirts,980.11,0.39,382.24
157,UK,35-44,Footwear,828.73,0.42,348.07
158,Latin America,25-34,Jeans,768.78,0.26,199.88
159,North America,55+,Footwear,414.03,0.32,132.49
160,Asia Pacific,55+,Jeans,988.87,0.43,425.21
161,Asia Pacific,55+,Footwear,626.74,0.23,144.15
162,North America,35-44,Outerwear,131.53,0.23,30.25
163,Latin America,45-54,Jeans,409.79,0.34,139.33
164,North America,35-44,Footwear,1125.59,0.33,371.44
165,Asia Pacific,55+,Polo Shirts,1028.28,0.25,257.07
166,Europe,25-34,Outerwear,1179.19,0.25,294.8
167,UK,18-24,Outerwear,772.19,0.25,193.05
168,Asia Pacific,45-54,Polo Shirts,334.64,0.42,140.55
169,North America,45-54,Footwear,237.24,0.38,90.15
170,UK,35-44,Accessories,264.95,0.44,116.58
171,North America,45-54,Polo Shirts,72.77,0.49,35.66
172,North America,55+,Footwear,499.28,0.32,159.77
173,Europe,55+,Polo Shirts,270.14,0.17,45.92
174,UK,35-44,Polo Shirts,523.4,0.17,88.98
175,UK,55+,Jeans,1125.24,0.25,281.31
176,Europe,25-34,Footwear,545.12,0.48,261.66
177,Asia Pacific,35-44,Accessories,1059.68,0.33,349.69
178,North America,25-34,Jeans,746.33,0.25,186.58
179,Latin America,18-24,Polo Shirts,334.2,0.29,96.92
180,North America,25-34,Polo Shirts,459.23,0.36,165.32
181,North America,18-24,Polo Shirts,146.51,0.38,55.67
182,Asia Pacific,18-24,Footwear,433.48,0.2,86.7
183,North America,25-34,Footwear,829.17,0.49,406.29
184,Europe,35-44,Jeans,132.93,0.34,45.2
185,Europe,55+,Accessories,286.21,0.2,57.24
186,UK,55+,Jeans,488.66,0.46,224.78
187,Latin America,18-24,Outerwear,1179.36,0.18,212.28
188,North America,18-24,Polo Shirts,952.59,0.47,447.72
189,North America,35-44,Polo Shirts,893.51,0.5,446.76
190,Asia Pacific,45-54,Polo Shirts,183.62,0.4,73.45
191,Europe,25-34,Jeans,948.15,0.42,398.22
192,Latin America,18-24,Jeans,953.06,0.27,257.33
193,UK,55+,Polo Shirts,741.27,0.48,355.81
194,Europe,35-44,Jeans,1188.92,0.34,404.23
195,UK,25-34,Footwear,424.04,0.41,173.86
196,Asia Pacific,35-44,Footwear,1132.46,0.47,532.26
197,Asia Pacific,25-34,Jeans,1101.94,0.49,539.95
198,North America,25-34,Polo Shirts,63.2,0.44,27.81
199,Latin America,18-24,Jeans,567.63,0.26,147.58
200,UK,35-44,Jeans,1173.67,0.49,575.1
201,Europe,35-44,Jeans,168.59,0.37,62.38
202,Asia Pacific,55+,Outerwear,679.95,0.48,326.38
203,North America,55+,Footwear,1175.8,0.39,458.56
204,North America,18-24,Accessories,688.82,0.26,179.09
205,UK,18-24,Accessories,268.29,0.28,75.12
206,Asia Pacific,45-54,Outerwear,719.51,0.34,244.63
207,Latin America,55+,Jeans,285.11,0.43,122.6
208,Asia Pacific,25-34,Outerwear,647.66,0.26,168.39
209,UK,35-44,Outerwear,135.15,0.35,47.3
210,UK,18-24,Polo Shirts,746.31,0.27,201.5
211,Asia Pacific,35-44,Footwear,644.31,0.44,283.5
212,UK,35-44,Accessories,901.19,0.31,279.37
213,Asia Pacific,45-54,Jeans,775.31,0.18,139.56
214,Europe,55+,Accessories,682.05,0.21,143.23
215,Asia Pacific,18-24,Accessories,843.25,0.17,143.35
216,Asia Pacific,35-44,Footwear,215.53,0.32,68.97
217,UK,18-24,Accessories,734.66,0.19,139.59
218,UK,25-34,Accessories,247.93,0.19,47.11
219,North America,45-54,Outerwear,1114.35,0.48,534.89
220,North America,25-34,Footwear,128.58,0.46,59.15
221,Europe,18-24,Polo Shirts,544.93,0.31,168.93
222,North America,18-24,Jeans,850.17,0.5,425.08
223,Asia Pacific,55+,Accessories,576.73,0.15,86.51
224,UK,35-44,Jeans,155.91,0.36,56.13
225,North America,35-44,Polo Shirts,686.39,0.37,253.96
226,North America,25-34,Jeans,787.88,0.31,244.24
227,Europe,45-54,Polo Shirts,859.36,0.29,249.21
228,Europe,35-44,Outerwear,479.25,0.31,148.57
229,Asia Pacific,55+,Accessories,698.21,0.3,209.46
230,UK,25-34,Polo Shirts,568.29,0.41,233.0
231,Europe,25-34,Jeans,822.86,0.2,164.57
232,North America,55+,Accessories,721.09,0.22,158.64
233,UK,45-54,Outerwear,654.62,0.21,137.47
234,UK,55+,Accessories,336.95,0.24,80.87
235,North America,45-54,Polo Shirts,52.32,0.33,17.27
236,Europe,55+,Outerwear,250.19,0.19,47.54
237,North America,55+,Jeans,184.63,0.45,83.08
238,UK,18-24,Outerwear,566.45,0.25,141.61
239,Latin America,25-34,Outerwear,754.1,0.21,158.36
240,Latin America,55+,Footwear,295.05,0.39,115.07
241,Asia Pacific,55+,Outerwear,1129.92,0.16,180.79
242,North America,35-44,Outerwear,57.68,0.37,21.34
243,North America,25-34,Accessories,938.15,0.39,365.88
244,Asia Pacific,35-44,Jeans,768.99,0.23,176.87
245,Asia Pacific,25-34,Accessories,479.59,0.16,76.73
246,Asia Pacific,35-44,Accessories,108.06,0.28,30.26
247,UK,55+,Polo Shirts,771.61,0.18,138.89
248,North America,55+,Accessories,493.46,0.19,93.76
249,UK,18-24,Footwear,1126.71,0.24,270.41
250,Asia Pacific,35-44,Footwear,673.29,0.25,168.32
251,North America,45-54,Polo Shirts,1130.6,0.34,384.4
252,UK,18-24,Jeans,303.56,0.39,118.39
253,UK,35-44,Jeans,884.58,0.36,318.45
254,Asia Pacific,35-44,Accessories,759.84,0.2,151.97
255,North America,18-24,Accessories,900.32,0.21,189.07
256,Asia Pacific,55+,Accessories,296.87,0.46,136.56
257,North America,35-44,Jeans,814.74,0.35,285.16
258,Latin America,55+,Outerwear,622.75,0.45,280.24
259,Europe,18-24,Footwear,904.25,0.28,253.19
260,Europe,55+,Outerwear,426.1,0.37,157.66
261,Europe,25-34,Outerwear,1073.57,0.33,354.28
262,Asia Pacific,45-54,Jeans,146.95,0.26,38.21
263,Latin America,35-44,Outerwear,978.27,0.31,303.26
264,North America,45-54,Polo Shirts,1040.52,0.33,343.37
265,UK,55+,Accessories,989.84,0.22,217.76
266,North America,35-44,Polo Shirts,639.64,0.26,166.31
267,UK,55+,Footwear,554.14,0.43,238.28
268,North America,25-34,Accessories,1195.7,0.47,561.98
269,Latin America,18-24,Outerwear,313.55,0.28,87.79
270,UK,35-44,Footwear,678.91,0.26,176.52
271,Asia Pacific,25-34,Accessories,821.28,0.22,180.68
272,North America,25-34,Outerwear,856.0,0.39,333.84
273,North America,35-44,Polo Shirts,284.63,0.26,74.0
274,UK,55+,Accessories,802.09,0.5,401.04
275,Asia Pacific,25-34,Outerwear,991.13,0.26,257.69
276,Asia Pacific,45-54,Polo Shirts,107.52,0.29,31.18
277,Latin America,25-34,Footwear,1098.25,0.36,395.37
278,Asia Pacific,55+,Footwear,83.93,0.43,36.09
279,Asia Pacific,55+,Footwear,459.37,0.31,142.4
280,Asia Pacific,45-54,Footwear,68.19,0.3,20.46
281,Europe,25-34,Jeans,138.72,0.5,69.36
282,Latin America,55+,Accessories,1097.84,0.15,164.68
283,North America,35-44,Accessories,458.09,0.46,210.72
284,UK,18-24,Jeans,538.49,0.2,107.7
285,North America,18-24,Outerwear,297.65,0.43,127.99
286,Latin America,18-24,Outerwear,736.66,0.37,272.56
287,UK,25-34,Footwear,734.02,0.27,198.19
288,Latin America,45-54,Polo Shirts,478.03,0.46,219.89
289,Asia Pacific,55+,Outerwear,432.99,0.15,64.95
290,UK,35-44,Polo Shirts,1067.71,0.23,245.57
291,Asia Pacific,35-44,Accessories,490.78,0.35,171.77
292,North America,25-34,Polo Shirts,617.53,0.27,166.73
293,North America,18-24,Accessories,375.8,0.36,135.29
294,UK,25-34,Jeans,954.78,0.16,152.76
295,UK,45-54,Jeans,507.07,0.19,96.34
296,Latin America,45-54,Footwear,640.65,0.19,121.72
297,Latin America,55+,Outerwear,341.36,0.22,75.1
298,Asia Pacific,55+,Footwear,1185.81,0.31,367.6
299,UK,45-54,Accessories,385.22,0.41,157.94
300,North America,45-54,Footwear,936.35,0.47,440.08
301,Latin America,45-54,Polo Shirts,541.62,0.44,238.31
302,Latin America,25-34,Accessories,287.15,0.22,63.17
303,North America,45-54,Jeans,969.68,0.3,290.9
304,Latin America,35-44,Outerwear,433.65,0.22,95.4
305,Asia Pacific,18-24,Accessories,1044.97,0.24,250.79
306,UK,45-54,Accessories,1102.55,0.33,363.84
307,North America,18-24,Polo Shirts,1038.8,0.17,176.6
308,UK,25-34,Outerwear,90.26,0.23,20.76
309,Latin America,18-24,Jeans,955.48,0.48,458.63
310,Latin America,25-34,Accessories,523.04,0.31,162.14
311,North America,35-44,Accessories,1054.78,0.31,326.98
312,Asia Pacific,25-34,Polo Shirts,783.65,0.16,125.38
313,Europe,25-34,Footwear,1008.69,0.24,242.09
314,North America,55+,Jeans,624.35,0.45,280.96
315,Europe,45-54,Outerwear,665.28,0.21,139.71
316,Europe,45-54,Accessories,216.05,0.3,64.82
317,Asia Pacific,35-44,Accessories,951.59,0.16,152.25
318,Europe,35-44,Jeans,532.3,0.32,170.34
319,Europe,45-54,Footwear,625.09,0.16,100.01
320,Asia Pacific,55+,Accessories,952.86,0.44,419.26
321,Europe,45-54,Jeans,738.67,0.44,325.01
322,Europe,55+,Polo Shirts,281.26,0.43,120.94
323,Europe,35-44,Footwear,728.77,0.25,182.19
324,North America,18-24,Outerwear,518.78,0.44,228.26
325,North America,35-44,Accessories,589.95,0.34,200.58
326,North America,35-44,Jeans,82.56,0.28,23.12
327,Asia Pacific,25-34,Polo Shirts,291.53,0.37,107.87
328,Latin America,25-34,Outerwear,373.19,0.15,55.98
329,Europe,25-34,Jeans,869.9,0.2,173.98
330,Europe,25-34,Jeans,63.22,0.41,25.92
331,Asia Pacific,55+,Outerwear,520.09,0.24,124.82
332,Europe,45-54,Polo Shirts,1112.63,0.36,400.55
333,North America,18-24,Polo Shirts,178.66,0.28,50.02
334,Latin America,35-44,Footwear,643.89,0.45,289.75
335,UK,55+,Accessories,954.5,0.48,458.16
336,Europe,18-24,Outerwear,1133.91,0.46,521.6
337,North America,55+,Outerwear,908.79,0.24,218.11
338,UK,55+,Outerwear,878.65,0.22,193.3
339,Latin America,35-44,Polo Shirts,1000.46,0.32,320.15
340,UK,45-54,Accessories,563.13,0.15,84.47
341,North America,25-34,Footwear,976.72,0.16,156.28
342,UK,45-54,Jeans,59.16,0.34,20.11
343,Asia Pacific,35-44,Jeans,1113.25,0.33,367.37
344,UK,35-44,Outerwear,559.8,0.5,279.9
345,Europe,35-44,Accessories,686.39,0.22,151.01
346,Europe,18-24,Polo Shirts,343.11,0.24,82.35
347,Asia Pacific,45-54,Accessories,903.91,0.19,171.74
348,North America,45-54,Accessories,138.13,0.47,64.92
349,Europe,55+,Polo Shirts,1053.53,0.42,442.48
350,Latin America,55+,Outerwear,1002.33,0.44,441.03
351,Europe,55+,Accessories,298.47,0.47,140.28
352,Europe,35-44,Jeans,980.72,0.33,323.64
353,North America,45-54,Polo Shirts,954.31,0.31,295.84
354,UK,35-44,Footwear,777.05,0.27,209.8
355,Europe,18-24,Outerwear,479.55,0.36,172.64
356,Asia Pacific,55+,Polo Shirts,362.22,0.31,112.29
357,UK,35-44,Footwear,316.55,0.31,98.13
358,Latin America,35-44,Footwear,416.4,0.48,199.87
359,North America,18-24,Accessories,1089.09,0.49,533.65
360,Latin America,25-34,Accessories,139.29,0.43,59.89
361,UK,45-54,Accessories,1003.2,0.41,411.31
362,UK,25-34,Polo Shirts,451.22,0.39,175.98
363,UK,55+,Polo Shirts,649.84,0.21,136.47
364,Latin America,35-44,Outerwear,963.66,0.17,163.82
365,UK,18-24,Accessories,1067.03,0.39,416.14
366,Latin America,18-24,Footwear,446.5,0.41,183.06
367,UK,45-54,Jeans,581.12,0.17,98.79
368,Asia Pacific,25-34,Outerwear,526.69,0.47,247.54
369,UK,45-54,Polo Shirts,65.24,0.18,11.74
370,Latin America,35-44,Outerwear,390.33,0.25,97.58
371,Europe,45-54,Outerwear,578.07,0.39,225.45
372,UK,18-24,Outerwear,522.76,0.21,109.78
373,Europe,18-24,Outerwear,880.22,0.17,149.64
374,Asia Pacific,55+,Jeans,492.52,0.27,132.98
375,North America,55+,Accessories,612.78,0.42,257.37
376,Asia Pacific,35-44,Footwear,544.05,0.29,157.77
377,UK,25-34,Outerwear,901.72,0.38,342.65
378,Europe,45-54,Outerwear,1042.42,0.35,364.85
379,Europe,35-44,Outerwear,661.67,0.16,105.87
380,Latin America,55+,Accessories,957.85,0.5,478.92
381,Europe,45-54,Polo Shirts,391.3,0.16,62.61
382,Latin America,55+,Polo Shirts,672.58,0.49,329.56
383,North America,45-54,Jeans,447.01,0.34,151.98
384,UK,25-34,Polo Shirts,526.33,0.49,257.9
385,Latin America,35-44,Outerwear,892.28,0.19,169.53
386,North America,45-54,Outerwear,1063.91,0.32,340.45
387,Europe,18-24,Outerwear,189.72,0.21,39.84
388,Europe,18-24,Jeans,779.84,0.17,132.57
389,North America,45-54,Outerwear,719.47,0.37,266.2
390,Europe,45-54,Polo Shirts,186.18,0.22,40.96
391,North America,45-54,Accessories,293.68,0.36,105.72
392,Latin America,18-24,Accessories,407.65,0.19,77.45
393,Latin America,18-24,Footwear,241.97,0.27,65.33
394,North America,45-54,Polo Shirts,330.29,0.42,138.72
395,Latin America,55+,Outerwear,357.74,0.3,107.32
396,Latin America,55+,Accessories,436.02,0.37,161.33
397,Latin America,25-34,Polo Shirts,911.8,0.38,346.48
398,Asia Pacific,35-44,Accessories,707.7,0.45,318.47
399,UK,55+,Outerwear,1184.18,0.26,307.89
400,Europe,18-24,Accessories,526.95,0.39,205.51
401,Asia Pacific,55+,Footwear,916.94,0.49,449.3
402,Latin America,25-34,Footwear,1052.19,0.41,431.4
403,North America,25-34,Accessories,830.83,0.32,265.87
404,Latin America,35-44,Polo Shirts,523.64,0.37,193.75
405,UK,55+,Polo Shirts,916.63,0.41,375.82
406,Latin America,18-24,Polo Shirts,284.22,0.36,102.32
407,North America,18-24,Accessories,426.68,0.16,68.27
408,UK,45-54,Polo Shirts,678.69,0.22,149.31
409,Latin America,18-24,Outerwear,711.72,0.43,306.04
410,UK,35-44,Footwear,75.46,0.25,18.86
411,Europe,35-44,Outerwear,1136.88,0.41,466.12
412,Europe,18-24,Polo Shirts,851.12,0.28,238.31
413,Latin America,18-24,Outerwear,620.06,0.33,204.62
414,UK,45-54,Polo Shirts,1123.1,0.17,190.93
415,North America,18-24,Accessories,554.96,0.21,116.54
416,Latin America,45-54,Outerwear,1177.5,0.49,576.98
417,Europe,45-54,Accessories,639.13,0.46,294.0
418,Europe,18-24,Accessories,181.43,0.38,68.94
419,Latin America,25-34,Jeans,929.52,0.31,288.15
420,UK,25-34,Polo Shirts,830.73,0.39,323.98
421,Europe,45-54,Footwear,938.93,0.37,347.4
422,UK,18-24,Polo Shirts,1144.16,0.35,400.46
423,Europe,25-34,Footwear,942.96,0.17,160.3
424,Europe,18-24,Polo Shirts,753.04,0.37,278.62
425,Asia Pacific,18-24,Accessories,1035.91,0.42,435.08
426,Europe,18-24,Outerwear,824.23,0.5,412.12
427,North America,55+,Outerwear,519.34,0.15,77.9
428,Latin America,18-24,Jeans,1068.46,0.41,438.07
429,Latin America,55+,Footwear,305.19,0.35,106.82
430,UK,45-54,Footwear,871.84,0.3,261.55
431,Europe,25-34,Footwear,1063.8,0.19,202.12
432,North America,25-34,Accessories,891.01,0.29,258.39
433,UK,25-34,Footwear,851.87,0.27,230.0
434,Asia Pacific,25-34,Outerwear,915.53,0.26,238.04
435,UK,25-34,Accessories,584.81,0.41,239.77
436,UK,25-34,Polo Shirts,1055.3,0.4,422.12
437,Europe,25-34,Footwear,283.95,0.36,102.22
438,Asia Pacific,45-54,Footwear,196.49,0.48,94.32
439,UK,18-24,Polo Shirts,378.34,0.27,102.15
440,North America,35-44,Footwear,661.31,0.24,158.71
441,North America,55+,Polo Shirts,637.15,0.38,242.12
442,Latin America,35-44,Accessories,993.69,0.22,218.61
443,Asia Pacific,35-44,Outerwear,515.25,0.26,133.96
444,Asia Pacific,18-24,Polo Shirts,607.0,0.23,139.61
445,Latin America,18-24,Jeans,65.37,0.17,11.11
446,UK,18-24,Polo Shirts,521.2,0.44,229.33
447,Asia Pacific,25-34,Footwear,794.94,0.24,190.79
448,North America,45-54,Accessories,67.83,0.32,21.71
449,North America,25-34,Accessories,373.01,0.17,63.41
450,Europe,45-54,Polo Shirts,289.15,0.39,112.77
451,Asia Pacific,45-54,Outerwear,98.28,0.27,26.54
452,UK,35-44,Jeans,601.15,0.41,246.47
453,Latin America,35-44,Accessories,258.98,0.29,75.1
454,Latin America,45-54,Footwear,904.54,0.22,199.0
455,UK,45-54,Footwear,1025.12,0.33,338.29
456,Europe,25-34,Outerwear,677.42,0.2,135.48
457,Latin America,25-34,Accessories,1178.96,0.3,353.69
458,Asia Pacific,35-44,Polo Shirts,568.05,0.26,147.69
459,Europe,18-24,Footwear,640.37,0.47,300.97
460,Asia Pacific,45-54,Outerwear,1187.6,0.17,201.89
461,North America,25-34,Accessories,316.28,0.39,123.35
462,Europe,35-44,Accessories,1133.93,0.21,238.13
463,Latin America,25-34,Accessories,99.26,0.26,25.81
464,Europe,45-54,Accessories,563.34,0.3,169.0
465,Europe,45-54,Accessories,130.5,0.47,61.33
466,Europe,55+,Footwear,888.62,0.23,204.38
467,Europe,18-24,Outerwear,749.67,0.18,134.94
468,Asia Pacific,55+,Accessories,862.63,0.26,224.28
469,North America,35-44,Jeans,480.65,0.19,91.32
470,UK,25-34,Jeans,474.9,0.2,94.98
471,Europe,35-44,Outerwear,102.12,0.35,35.74
472,Latin America,45-54,Polo Shirts,452.44,0.17,76.91
473,Europe,55+,Polo Shirts,1118.68,0.16,178.99
474,Latin America,55+,Polo Shirts,486.11,0.4,194.44
475,Asia Pacific,55+,Jeans,1006.07,0.28,281.7
476,Latin America,35-44,Polo Shirts,1018.67,0.19,193.55
477,UK,45-54,Footwear,479.23,0.24,115.02
478,North America,25-34,Accessories,776.79,0.37,287.41
479,Latin America,25-34,Jeans,159.68,0.25,39.92
480,Latin America,35-44,Outerwear,169.23,0.32,54.15
481,North America,55+,Outerwear,105.96,0.19,20.13
482,UK,18-24,Accessories,718.17,0.36,258.54
483,Europe,35-44,Jeans,539.98,0.26,140.39
484,Latin America,35-44,Polo Shirts,680.24,0.37,251.69
485,North America,45-54,Polo Shirts,649.23,0.43,279.17
486,Asia Pacific,25-34,Footwear,452.73,0.36,162.98
487,North America,35-44,Footwear,829.09,0.25,207.27
488,Asia Pacific,35-44,Polo Shirts,922.28,0.24,221.35
489,UK,55+,Outerwear,66.82,0.26,17.37
490,Europe,55+,Outerwear,288.33,0.21,60.55
491,North America,18-24,Footwear,870.22,0.21,182.75
492,Latin America,45-54,Accessories,494.61,0.43,212.68
493,UK,18-24,Polo Shirts,811.86,0.28,227.32
494,North America,55+,Footwear,449.01,0.3,134.7
495,Latin America,25-34,Footwear,499.37,0.36,179.77
496,North America,55+,Polo Shirts,232.48,0.36,83.69
497,Asia Pacific,45-54,Polo Shirts,346.97,0.17,58.98
498,North America,55+,Outerwear,746.22,0.44,328.34
499,North America,45-54,Accessories,548.14,0.21,115.11
500,North America,45-54,Accessories,940.45,0.4,376.18
501,UK,45-54,Polo Shirts,1030.47,0.42,432.8
502,North America,45-54,Jeans,672.89,0.4,269.16
503,Latin America,45-54,Footwear,922.01,0.35,322.7
504,Asia Pacific,25-34,Footwear,402.94,0.16,64.47
505,Asia Pacific,18-24,Polo Shirts,527.22,0.28,147.62
506,North America,35-44,Jeans,869.69,0.36,313.09
507,UK,18-24,Outerwear,494.14,0.29,143.3
508,UK,45-54,Polo Shirts,726.78,0.45,327.05
509,Latin America,25-34,Polo Shirts,263.18,0.26,68.43
510,North America,55+,Footwear,739.74,0.25,184.94
511,Asia Pacific,25-34,Polo Shirts,1040.74,0.24,249.78
512,UK,45-54,Polo Shirts,1048.94,0.27,283.21
513,North America,25-34,Polo Shirts,883.0,0.35,309.05
514,UK,25-34,Footwear,907.62,0.4,363.05
515,UK,45-54,Outerwear,691.62,0.38,262.82
516,Asia Pacific,25-34,Outerwear,722.37,0.43,310.62
517,Europe,35-44,Polo Shirts,203.7,0.46,93.7
518,Latin America,35-44,Footwear,560.44,0.44,246.59
519,Latin America,25-34,Outerwear,568.39,0.16,90.94
520,Asia Pacific,55+,Outerwear,1152.27,0.41,472.43
521,UK,45-54,Outerwear,545.75,0.22,120.06
522,North America,35-44,Footwear,681.74,0.2,136.35
523,UK,55+,Footwear,663.24,0.37,245.4
524,Asia Pacific,25-34,Polo Shirts,782.28,0.26,203.39
525,Latin America,55+,Accessories,910.47,0.17,154.78
526,UK,18-24,Outerwear,308.8,0.2,61.76
527,Latin America,35-44,Accessories,658.03,0.15,98.7
528,North America,25-34,Footwear,999.81,0.47,469.91
529,Latin America,45-54,Footwear,582.58,0.16,93.21
530,Latin America,25-34,Footwear,370.23,0.22,81.45
531,Europe,45-54,Accessories,802.92,0.3,240.88
532,Europe,25-34,Footwear,997.33,0.27,269.28
533,Europe,55+,Polo Shirts,122.61,0.47,57.63
534,Latin America,55+,Footwear,943.31,0.16,150.93
535,Asia Pacific,55+,Jeans,994.9,0.33,328.32
536,Latin America,18-24,Accessories,580.75,0.39,226.49
537,Asia Pacific,45-54,Jeans,1180.8,0.48,566.78
538,Asia Pacific,55+,Footwear,954.71,0.37,353.24
539,Europe,18-24,Polo Shirts,939.71,0.43,404.08
540,UK,45-54,Outerwear,910.01,0.18,163.8
541,North America,25-34,Footwear,223.2,0.29,64.73
542,Europe,18-24,Polo Shirts,299.82,0.28,83.95
543,Europe,35-44,Accessories,583.59,0.46,268.45
544,UK,18-24,Jeans,353.61,0.2,70.72
545,North America,18-24,Jeans,527.53,0.2,105.51
546,Latin America,45-54,Jeans,1071.73,0.26,278.65
547,Latin America,25-34,Accessories,997.98,0.17,169.66
548,Europe,35-44,Polo Shirts,774.55,0.21,162.66
549,North America,55+,Accessories,1036.84,0.49,508.05
550,Europe,55+,Jeans,951.34,0.3,285.4
551,Asia Pacific,18-24,Footwear,543.33,0.37,201.03
552,Europe,45-54,Outerwear,281.22,0.4,112.49
553,Europe,45-54,Accessories,641.33,0.28,179.57
554,Latin America,55+,Accessories,896.66,0.2,179.33
555,Latin America,35-44,Polo Shirts,551.88,0.22,121.41
556,Latin America,25-34,Polo Shirts,816.79,0.26,212.37
557,Asia Pacific,35-44,Accessories,158.48,0.37,58.64
558,Latin America,25-34,Jeans,910.21,0.29,263.96
559,North America,55+,Outerwear,984.62,0.15,147.69
560,UK,25-34,Polo Shirts,862.86,0.33,284.74
561,North America,45-54,Jeans,1162.35,0.47,546.3
562,North America,18-24,Footwear,1000.65,0.43,430.28
563,Latin America,18-24,Polo Shirts,1088.56,0.44,478.97
564,UK,55+,Jeans,1123.61,0.43,483.15
565,UK,45-54,Jeans,971.55,0.26,252.6
566,UK,35-44,Outerwear,825.4,0.42,346.67
567,Asia Pacific,45-54,Outerwear,56.58,0.2,11.32
568,Latin America,18-24,Footwear,585.7,0.38,222.57
569,UK,18-24,Jeans,706.84,0.37,261.53
570,Asia Pacific,45-54,Jeans,399.63,0.16,63.94
571,Europe,45-54,Outerwear,415.82,0.43,178.8
572,Europe,18-24,Polo Shirts,1155.33,0.47,543.01
573,Asia Pacific,35-44,Polo Shirts,1075.47,0.24,258.11
574,Asia Pacific,55+,Accessories,1026.56,0.43,441.42
575,Latin America,55+,Outerwear,516.91,0.18,93.04
576,Latin America,45-54,Accessories,65.75,0.36,23.67
577,Europe,55+,Outerwear,142.26,0.32,45.52
578,UK,18-24,Footwear,409.03,0.34,139.07
579,Europe,18-24,Jeans,68.1,0.47,32.01
580,UK,45-54,Footwear,69.72,0.45,31.37
581,UK,45-54,Outerwear,1104.09,0.42,463.72
582,Latin America,45-54,Jeans,862.08,0.25,215.52
583,North America,35-44,Polo Shirts,405.3,0.47,190.49
584,North America,55+,Polo Shirts,202.54,0.18,36.46
585,Asia Pacific,45-54,Accessories,638.38,0.45,287.27
586,Latin America,25-34,Outerwear,56.15,0.26,14.6
587,UK,25-34,Outerwear,1129.18,0.17,191.96
588,North America,18-24,Polo Shirts,527.04,0.38,200.28
589,UK,55+,Footwear,512.69,0.23,117.92
590,North America,45-54,Jeans,499.18,0.24,119.8
591,North America,25-34,Footwear,129.73,0.26,33.73
592,North America,55+,Footwear,784.07,0.17,133.29
593,Latin America,18-24,Polo Shirts,892.95,0.21,187.52
594,Europe,35-44,Polo Shirts,827.54,0.15,124.13
595,UK,55+,Polo Shirts,209.2,0.31,64.85
596,Latin America,55+,Accessories,715.67,0.18,128.82
597,Latin America,35-44,Footwear,704.91,0.39,274.91
598,Latin America,55+,Outerwear,1048.67,0.23,241.19
599,Latin America,18-24,Jeans,486.0,0.48,233.28
600,Latin America,18-24,Accessories,477.21,0.45,214.74
601,Asia Pacific,35-44,Outerwear,761.31,0.25,190.33
602,UK,45-54,Footwear,778.03,0.42,326.77
603,Latin America,25-34,Polo Shirts,589.68,0.43,253.56
604,UK,45-54,Footwear,559.52,0.5,279.76
605,Asia Pacific,55+,Jeans,618.27,0.36,222.58
606,Asia Pacific,25-34,Accessories,1040.2,0.18,187.24
607,UK,35-44,Accessories,580.34,0.38,220.53
608,North America,35-44,Jeans,1130.92,0.37,418.44
609,Europe,25-34,Outerwear,629.6,0.37,232.95
610,North America,18-24,Outerwear,1141.58,0.26,296.81
611,North America,25-34,Accessories,1007.76,0.45,453.49
612,North America,55+,Accessories,466.8,0.49,228.73
613,Latin America,18-24,Polo Shirts,1043.19,0.23,239.93
614,Asia Pacific,35-44,Outerwear,176.57,0.18,31.78
615,North America,25-34,Jeans,1113.8,0.22,245.04
616,Asia Pacific,45-54,Outerwear,776.39,0.44,341.61
617,UK,45-54,Polo Shirts,112.55,0.39,43.89
618,Europe,55+,Accessories,790.9,0.37,292.63
619,UK,45-54,Accessories,1170.38,0.29,339.41
620,UK,25-34,Polo Shirts,130.27,0.35,45.59
621,Latin America,25-34,Jeans,687.89,0.26,178.85
622,Europe,45-54,Accessories,909.96,0.32,291.19
623,UK,25-34,Footwear,981.8,0.43,422.17
624,UK,55+,Accessories,525.9,0.49,257.69
625,Europe,18-24,Footwear,284.79,0.48,136.7
626,Europe,55+,Polo Shirts,98.69,0.48,47.37
627,UK,55+,Polo Shirts,716.69,0.29,207.84
628,Europe,25-34,Accessories,570.85,0.31,176.96
629,UK,18-24,Outerwear,1141.06,0.4,456.42
630,UK,25-34,Footwear,119.7,0.47,56.26
631,Latin America,35-44,Jeans,838.2,0.2,167.64
632,North America,25-34,Accessories,78.71,0.26,20.46
633,UK,25-34,Jeans,247.15,0.2,49.43
634,Asia Pacific,25-34,Accessories,571.62,0.36,205.78
635,North America,18-24,Outerwear,573.1,0.26,149.01
636,North America,25-34,Outerwear,838.56,0.26,218.03
637,North America,18-24,Outerwear,1096.74,0.17,186.45
638,Latin America,45-54,Outerwear,784.89,0.27,211.92
639,UK,35-44,Polo Shirts,1146.57,0.45,515.96
640,Latin America,18-24,Polo Shirts,1063.86,0.23,244.69
641,UK,45-54,Footwear,722.17,0.39,281.65
642,Latin America,18-24,Jeans,1008.86,0.37,373.28
643,Latin America,18-24,Accessories,788.96,0.45,355.03
644,Asia Pacific,35-44,Accessories,140.34,0.2,28.07
645,Latin America,55+,Polo Shirts,901.65,0.49,441.81
646,Europe,55+,Accessories,159.14,0.35,55.7
647,Asia Pacific,18-24,Polo Shirts,733.2,0.5,366.6
648,Latin America,25-34,Footwear,858.04,0.47,403.28
649,North America,45-54,Jeans,126.51,0.23,29.1
650,Europe,25-34,Footwear,315.41,0.17,53.62
651,Europe,25-34,Outerwear,1103.02,0.24,264.72
652,Europe,18-24,Outerwear,758.76,0.33,250.39
653,Asia Pacific,18-24,Outerwear,333.23,0.21,69.98
654,Latin America,18-24,Footwear,844.28,0.21,177.3
655,Latin America,18-24,Accessories,736.29,0.31,228.25
656,North America,55+,Jeans,626.81,0.16,100.29
657,North America,18-24,Outerwear,1172.62,0.19,222.8
658,Europe,55+,Outerwear,835.97,0.3,250.79
659,North America,55+,Outerwear,481.76,0.17,81.9
660,Asia Pacific,18-24,Jeans,970.08,0.29,281.32
661,Latin America,35-44,Outerwear,1067.27,0.32,341.53
662,Europe,45-54,Jeans,194.0,0.31,60.14
663,North America,25-34,Outerwear,280.64,0.45,126.29
664,Asia Pacific,55+,Footwear,298.66,0.34,101.54
665,Asia Pacific,45-54,Footwear,844.89,0.31,261.92
666,North America,35-44,Jeans,743.5,0.29,215.61
667,Latin America,25-34,Footwear,761.84,0.44,335.21
668,North America,25-34,Jeans,1131.89,0.46,520.67
669,Europe,55+,Footwear,942.3,0.45,424.04
670,North America,18-24,Footwear,197.13,0.39,76.88
671,Asia Pacific,35-44,Jeans,449.63,0.2,89.93
672,North America,55+,Accessories,550.7,0.25,137.68
673,Latin America,35-44,Footwear,505.36,0.17,85.91
674,UK,18-24,Outerwear,819.7,0.48,393.46
675,North America,18-24,Accessories,1075.68,0.38,408.76
676,Latin America,55+,Jeans,401.96,0.41,164.8
677,Latin America,18-24,Accessories,684.66,0.26,178.01
678,Asia Pacific,45-54,Polo Shirts,957.82,0.45,431.02
679,Latin America,25-34,Polo Shirts,528.65,0.24,126.88
680,Latin America,55+,Footwear,243.34,0.15,36.5
681,Latin America,35-44,Footwear,596.19,0.28,166.93
682,Latin America,45-54,Outerwear,113.51,0.35,39.73
683,Europe,55+,Accessories,1133.74,0.32,362.8
684,Europe,18-24,Polo Shirts,136.04,0.45,61.22
685,Asia Pacific,18-24,Footwear,554.23,0.19,105.3
686,North America,18-24,Accessories,659.36,0.34,224.18
687,Latin America,18-24,Footwear,1183.1,0.33,390.42
688,North America,35-44,Footwear,240.93,0.25,60.23
689,North America,45-54,Polo Shirts,181.6,0.44,79.9
690,Asia Pacific,25-34,Polo Shirts,60.01,0.41,24.6
691,Latin America,35-44,Footwear,228.91,0.41,93.85
692,Latin America,35-44,Jeans,288.36,0.46,132.65
693,UK,25-34,Footwear,775.17,0.4,310.07
694,North America,25-34,Footwear,302.66,0.23,69.61
695,North America,18-24,Outerwear,73.6,0.4,29.44
696,Europe,35-44,Outerwear,1000.61,0.26,260.16
697,UK,55+,Outerwear,470.44,0.23,108.2
698,Europe,25-34,Jeans,456.75,0.18,82.22
699,Europe,25-34,Jeans,397.85,0.41,163.12
700,Europe,45-54,Footwear,1171.68,0.4,468.67
701,Asia Pacific,55+,Outerwear,245.63,0.23,56.49
702,Asia Pacific,55+,Jeans,1082.97,0.41,444.02
703,Europe,25-34,Polo Shirts,943.32,0.47,443.36
704,UK,18-24,Footwear,137.95,0.19,26.21
705,North America,45-54,Accessories,1184.74,0.23,272.49
706,UK,55+,Footwear,362.07,0.41,148.45
707,Latin America,25-34,Accessories,163.37,0.25,40.84
708,Asia Pacific,55+,Outerwear,1003.71,0.37,371.37
709,North America,45-54,Accessories,862.68,0.18,155.28
710,North America,45-54,Outerwear,759.8,0.31,235.54
711,Latin America,35-44,Polo Shirts,229.38,0.41,94.05
712,Latin America,25-34,Accessories,600.27,0.39,234.11
713,Europe,45-54,Footwear,947.64,0.44,416.96
714,Asia Pacific,35-44,Outerwear,399.17,0.46,183.62
715,Asia Pacific,35-44,Footwear,408.44,0.42,171.54
716,UK,55+,Jeans,53.61,0.39,20.91
717,Europe,55+,Outerwear,250.38,0.16,40.06
718,Europe,35-44,Accessories,1056.72,0.34,359.28
719,Europe,55+,Outerwear,558.01,0.16,89.28
720,Europe,45-54,Footwear,1181.87,0.43,508.2
721,Asia Pacific,18-24,Polo Shirts,505.06,0.26,131.32
722,Asia Pacific,45-54,Outerwear,872.46,0.35,305.36
723,Europe,35-44,Accessories,374.21,0.25,93.55
724,UK,35-44,Jeans,468.38,0.42,196.72
725,North America,45-54,Polo Shirts,269.33,0.46,123.89
726,North America,55+,Jeans,449.12,0.29,130.24
727,UK,55+,Outerwear,679.32,0.45,305.69
728,Europe,35-44,Footwear,1190.54,0.24,285.73
729,Asia Pacific,25-34,Footwear,813.83,0.34,276.7
730,North America,55+,Accessories,279.13,0.45,125.61
731,Latin America,45-54,Footwear,101.71,0.26,26.44
732,Latin America,55+,Polo Shirts,195.31,0.48,93.75
733,UK,45-54,Footwear,696.94,0.19,132.42
734,Europe,35-44,Accessories,929.93,0.16,148.79
735,North America,55+,Outerwear,1131.48,0.47,531.8
736,Europe,45-54,Outerwear,68.2,0.17,11.59
737,North America,35-44,Footwear,651.17,0.5,325.58
738,UK,25-34,Jeans,591.5,0.48,283.92
739,UK,45-54,Outerwear,804.46,0.2,160.89
740,Latin America,25-34,Footwear,693.52,0.34,235.8
741,Europe,25-34,Accessories,840.1,0.21,176.42
742,Latin America,18-24,Footwear,806.79,0.3,242.04
743,Europe,55+,Outerwear,184.56,0.17,31.38
744,Latin America,45-54,Accessories,969.68,0.23,223.03
745,Asia Pacific,25-34,Footwear,191.72,0.28,53.68
746,Asia Pacific,18-24,Polo Shirts,853.31,0.3,255.99
747,Asia Pacific,35-44,Accessories,528.57,0.49,259.0
748,Asia Pacific,45-54,Polo Shirts,640.93,0.43,275.6
749,North America,25-34,Jeans,1088.79,0.41,446.4
750,Asia Pacific,55+,Accessories,1073.37,0.34,364.95
751,UK,18-24,Polo Shirts,990.53,0.44,435.83
752,UK,25-34,Outerwear,636.67,0.27,171.9
753,North America,55+,Outerwear,896.68,0.4,358.67
754,Asia Pacific,25-34,Jeans,639.83,0.5,319.92
755,Asia Pacific,45-54,Accessories,1050.05,0.26,273.01
756,Asia Pacific,45-54,Accessories,513.19,0.39,200.14
757,Latin America,45-54,Accessories,1165.77,0.45,524.6
758,Europe,18-24,Jeans,1122.17,0.47,527.42
759,Latin America,45-54,Accessories,902.84,0.4,361.14
760,Europe,55+,Outerwear,371.33,0.25,92.83
761,Asia Pacific,25-34,Polo Shirts,201.4,0.26,52.36
762,Asia Pacific,35-44,Outerwear,1032.91,0.16,165.27
763,Latin America,55+,Outerwear,240.1,0.42,100.84
764,Latin America,55+,Polo Shirts,1032.4,0.16,165.18
765,Europe,45-54,Outerwear,614.38,0.45,276.47
766,UK,18-24,Jeans,517.54,0.19,98.33
767,Europe,25-34,Polo Shirts,1088.67,0.21,228.62
768,Latin America,18-24,Outerwear,744.43,0.32,238.22
769,Latin America,25-34,Footwear,713.11,0.41,292.38
770,North America,25-34,Outerwear,692.58,0.2,138.52
771,Latin America,18-24,Jeans,476.84,0.3,143.05
772,North America,55+,Accessories,953.49,0.32,305.12
773,UK,25-34,Outerwear,340.72,0.22,74.96
774,Europe,18-24,Accessories,1129.73,0.19,214.65
775,Europe,25-34,Footwear,1078.08,0.44,474.36
776,North America,35-44,Outerwear,438.1,0.33,144.57
777,Europe,55+,Polo Shirts,888.88,0.16,142.22
778,Latin America,45-54,Accessories,709.21,0.43,304.96
779,Asia Pacific,25-34,Footwear,438.3,0.49,214.77
780,North America,35-44,Polo Shirts,1186.8,0.36,427.25
781,Europe,45-54,Polo Shirts,79.02,0.33,26.08
782,North America,45-54,Polo Shirts,340.54,0.46,156.65
783,North America,25-34,Polo Shirts,648.09,0.48,311.08
784,Asia Pacific,18-24,Outerwear,650.25,0.41,266.6
785,Latin America,25-34,Outerwear,727.27,0.31,225.45
786,North America,35-44,Outerwear,914.43,0.36,329.19
787,Europe,45-54,Footwear,767.0,0.4,306.8
788,UK,25-34,Footwear,740.32,0.22,162.87
789,North America,18-24,Footwear,111.54,0.31,34.58
790,North America,25-34,Jeans,483.01,0.44,212.52
791,Asia Pacific,55+,Footwear,316.86,0.38,120.41
792,Latin America,18-24,Outerwear,355.18,0.29,103.0
793,UK,35-44,Outerwear,687.49,0.38,261.25
794,Europe,45-54,Jeans,279.43,0.19,53.09
795,UK,25-34,Jeans,388.04,0.29,112.53
796,Europe,18-24,Footwear,322.65,0.43,138.74
797,Latin America,55+,Accessories,1140.78,0.23,262.38
798,Europe,18-24,Jeans,1136.37,0.22,250.0
799,Asia Pacific,55+,Polo Shirts,751.43,0.48,360.69
800,Asia Pacific,35-44,Outerwear,1113.2,0.22,244.9
801,Asia Pacific,45-54,Polo Shirts,953.68,0.24,228.88
802,Asia Pacific,35-44,Outerwear,728.44,0.49,356.94
803,UK,25-34,Outerwear,57.4,0.41,23.53
804,Latin America,18-24,Jeans,938.39,0.39,365.97
805,Europe,55+,Jeans,857.86,0.45,386.04
806,Europe,55+,Polo Shirts,757.54,0.19,143.93
807,Asia Pacific,18-24,Outerwear,924.49,0.4,369.8
808,Asia Pacific,18-24,Polo Shirts,639.86,0.33,211.15
809,North America,25-34,Accessories,859.7,0.44,378.27
810,Latin America,35-44,Polo Shirts,1125.45,0.33,371.4
811,UK,55+,Footwear,482.18,0.37,178.41
812,Europe,25-34,Polo Shirts,864.34,0.32,276.59
813,North America,35-44,Footwear,597.04,0.32,191.05
814,North America,25-34,Footwear,825.56,0.42,346.74
815,Europe,55+,Footwear,927.33,0.37,343.11
816,UK,18-24,Accessories,102.27,0.37,37.84
817,North America,18-24,Polo Shirts,793.59,0.31,246.01
818,North America,35-44,Polo Shirts,310.75,0.34,105.66
819,Latin America,45-54,Accessories,820.54,0.41,336.42
820,UK,35-44,Outerwear,588.58,0.44,258.98
821,North America,45-54,Jeans,939.59,0.39,366.44
822,UK,25-34,Polo Shirts,191.91,0.47,90.2
823,Europe,25-34,Jeans,770.27,0.44,338.92
824,Asia Pacific,55+,Accessories,370.24,0.35,129.58
825,North America,45-54,Outerwear,1030.93,0.38,391.75
826,Latin America,55+,Outerwear,1117.64,0.47,525.29
827,Europe,18-24,Outerwear,1195.86,0.37,442.47
828,UK,45-54,Accessories,965.41,0.44,424.78
829,Europe,35-44,Footwear,916.79,0.39,357.55
830,North America,18-24,Footwear,297.83,0.34,101.26
831,UK,18-24,Jeans,436.41,0.23,100.37
832,Asia Pacific,35-44,Footwear,585.53,0.3,175.66
833,Europe,18-24,Footwear,939.39,0.49,460.3
834,North America,45-54,Outerwear,1102.21,0.38,418.84
835,Latin America,55+,Outerwear,267.51,0.35,93.63
836,UK,18-24,Jeans,1110.72,0.48,533.15
837,Europe,45-54,Polo Shirts,849.97,0.36,305.99
838,Europe,25-34,Jeans,752.39,0.33,248.29
839,Asia Pacific,45-54,Jeans,279.82,0.42,117.52
840,Asia Pacific,55+,Accessories,113.85,0.4,45.54
841,Latin America,45-54,Accessories,703.73,0.22,154.82
842,Latin America,35-44,Jeans,799.24,0.31,247.76
843,North America,55+,Jeans,292.4,0.32,93.57
844,North America,25-34,Jeans,689.92,0.28,193.18
845,Latin America,35-44,Footwear,1034.97,0.33,341.54
846,Latin America,45-54,Accessories,1010.33,0.29,293.0
847,UK,55+,Jeans,1116.46,0.22,245.62
848,Asia Pacific,25-34,Outerwear,470.77,0.29,136.52
849,North America,35-44,Outerwear,415.76,0.18,74.84
850,Asia Pacific,25-34,Footwear,911.84,0.35,319.14
851,Asia Pacific,45-54,Footwear,545.78,0.45,245.6
852,Latin America,25-34,Polo Shirts,150.68,0.4,60.27
853,UK,18-24,Polo Shirts,375.22,0.28,105.06
854,Europe,35-44,Polo Shirts,531.37,0.18,95.65
855,UK,25-34,Footwear,386.39,0.22,85.01
856,UK,45-54,Footwear,432.04,0.34,146.89
857,Asia Pacific,45-54,Footwear,387.84,0.22,85.32
858,UK,25-34,Outerwear,97.72,0.34,33.22
859,North America,45-54,Footwear,782.66,0.23,180.01
860,Asia Pacific,55+,Outerwear,736.89,0.45,331.6
861,North America,55+,Polo Shirts,801.39,0.29,232.4
862,Europe,55+,Polo Shirts,271.16,0.24,65.08
863,Asia Pacific,18-24,Polo Shirts,390.0,0.43,167.7
864,Europe,25-34,Jeans,762.56,0.27,205.89
865,Asia Pacific,18-24,Jeans,739.57,0.19,140.52
866,Latin America,45-54,Accessories,632.28,0.35,221.3
867,UK,18-24,Accessories,452.98,0.35,158.54
868,Latin America,45-54,Accessories,1099.87,0.4,439.95
869,Europe,45-54,Jeans,440.74,0.23,101.37
870,UK,35-44,Jeans,573.96,0.31,177.93
871,Asia Pacific,55+,Accessories,829.83,0.25,207.46
872,UK,45-54,Accessories,674.47,0.18,121.4
873,North America,35-44,Footwear,448.92,0.46,206.5
874,UK,55+,Accessories,550.99,0.41,225.91
875,North America,45-54,Footwear,963.65,0.26,250.55
876,UK,45-54,Outerwear,369.85,0.36,133.15
877,North America,18-24,Jeans,213.59,0.22,46.99
878,Europe,18-24,Accessories,410.14,0.46,188.66
879,Latin America,55+,Jeans,1026.96,0.19,195.12
880,Asia Pacific,45-54,Jeans,152.34,0.15,22.85
881,UK,25-34,Jeans,1190.45,0.33,392.85
882,Latin America,18-24,Outerwear,672.15,0.35,235.25
883,Asia Pacific,55+,Polo Shirts,1182.57,0.35,413.9
884,Asia Pacific,45-54,Accessories,1129.85,0.17,192.07
885,North America,45-54,Polo Shirts,570.74,0.26,148.39
886,Europe,25-34,Polo Shirts,278.26,0.32,89.04
887,Europe,55+,Polo Shirts,239.62,0.23,55.11
888,Latin America,45-54,Jeans,325.99,0.46,149.96
889,Europe,18-24,Footwear,866.65,0.18,156.0
890,UK,25-34,Jeans,363.89,0.32,116.44
891,Europe,55+,Jeans,442.64,0.39,172.63
892,Latin America,25-34,Polo Shirts,566.1,0.24,135.86
893,Europe,18-24,Jeans,1100.22,0.37,407.08
894,UK,55+,Polo Shirts,267.8,0.44,117.83
895,North America,25-34,Footwear,55.78,0.22,12.27
896,Latin America,35-44,Accessories,119.11,0.47,55.98
897,North America,18-24,Polo Shirts,1090.48,0.34,370.76
898,North America,18-24,Footwear,794.64,0.25,198.66
899,North America,18-24,Accessories,364.0,0.3,109.2
900,Asia Pacific,35-44,Outerwear,253.77,0.26,65.98
901,Asia Pacific,35-44,Polo Shirts,388.41,0.4,155.36
902,North America,45-54,Polo Shirts,182.02,0.43,78.27
903,Latin America,25-34,Outerwear,1132.76,0.44,498.41
904,UK,45-54,Outerwear,951.84,0.5,475.92
905,UK,25-34,Polo Shirts,581.75,0.43,250.15
906,Europe,35-44,Outerwear,1044.71,0.36,376.1
907,Latin America,35-44,Jeans,336.88,0.27,90.96
908,Asia Pacific,45-54,Accessories,874.69,0.34,297.39
909,North America,55+,Accessories,1034.55,0.16,165.53
910,Europe,45-54,Accessories,460.28,0.41,188.71
911,UK,25-34,Jeans,921.08,0.31,285.53
912,Asia Pacific,45-54,Outerwear,389.33,0.16,62.29
913,Asia Pacific,18-24,Footwear,393.69,0.17,66.93
914,North America,25-34,Outerwear,173.12,0.29,50.2
915,UK,25-34,Polo Shirts,556.07,0.35,194.62
916,Latin America,55+,Accessories,889.17,0.31,275.64
917,Asia Pacific,35-44,Outerwear,1131.25,0.37,418.56
918,North America,25-34,Footwear,744.37,0.32,238.2
919,Latin America,35-44,Polo Shirts,1042.61,0.38,396.19
920,UK,45-54,Jeans,995.87,0.23,229.05
921,Asia Pacific,18-24,Jeans,249.34,0.19,47.37
922,Latin America,55+,Footwear,608.69,0.36,219.13
923,Latin America,35-44,Polo Shirts,184.46,0.32,59.03
924,Latin America,25-34,Accessories,834.48,0.16,133.52
925,Asia Pacific,35-44,Outerwear,1142.38,0.28,319.87
926,Asia Pacific,25-34,Polo Shirts,207.65,0.19,39.45
927,Europe,35-44,Jeans,893.97,0.34,303.95
928,UK,25-34,Footwear,777.07,0.29,225.35
929,North America,45-54,Footwear,721.15,0.36,259.61
930,Latin America,25-34,Outerwear,498.64,0.43,214.42
931,Europe,25-34,Footwear,458.4,0.25,114.6
932,North America,18-24,Footwear,102.04,0.49,50.0
933,Europe,25-34,Polo Shirts,300.6,0.34,102.2
934,Asia Pacific,18-24,Accessories,67.45,0.37,24.96
935,Latin America,55+,Outerwear,718.63,0.39,280.27
936,North America,18-24,Polo Shirts,171.73,0.38,65.26
937,North America,45-54,Accessories,1053.97,0.33,347.81
938,North America,18-24,Polo Shirts,651.61,0.3,195.48
939,North America,55+,Polo Shirts,854.64,0.17,145.29
940,North America,45-54,Footwear,522.49,0.16,83.6
941,Europe,35-44,Accessories,694.67,0.28,194.51
942,Latin America,35-44,Outerwear,1134.06,0.27,306.2
943,Asia Pacific,18-24,Outerwear,145.14,0.29,42.09
944,Asia Pacific,18-24,Accessories,342.03,0.2,68.41
945,Asia Pacific,55+,Footwear,946.99,0.41,388.27
946,Asia Pacific,55+,Jeans,163.55,0.45,73.6
947,Europe,25-34,Polo Shirts,137.01,0.48,65.76
948,UK,55+,Footwear,465.77,0.32,149.05
949,Latin America,25-34,Accessories,155.99,0.4,62.4
950,North America,45-54,Polo Shirts,722.84,0.45,325.28
951,UK,18-24,Outerwear,310.22,0.3,93.07
952,Asia Pacific,45-54,Jeans,1080.05,0.26,280.81
953,UK,55+,Outerwear,951.03,0.48,456.49
954,Latin America,45-54,Accessories,854.66,0.33,282.04
955,North America,45-54,Polo Shirts,759.49,0.32,243.04
956,North America,45-54,Accessories,1042.99,0.21,219.03
957,Latin America,55+,Polo Shirts,306.52,0.19,58.24
958,Latin America,45-54,Footwear,1054.08,0.44,463.8
959,Asia Pacific,25-34,Jeans,957.92,0.36,344.85
960,North America,55+,Footwear,910.38,0.26,236.7
961,UK,45-54,Footwear,695.44,0.22,153.0
962,Europe,55+,Accessories,333.18,0.34,113.28
963,Europe,35-44,Jeans,537.08,0.35,187.98
964,Latin America,25-34,Polo Shirts,962.61,0.22,211.77
965,Asia Pacific,45-54,Polo Shirts,86.55,0.45,38.95
966,Europe,35-44,Outerwear,949.36,0.18,170.88
967,North America,35-44,Polo Shirts,326.08,0.27,88.04
968,Latin America,55+,Accessories,215.96,0.39,84.22
969,UK,35-44,Footwear,183.06,0.25,45.76
970,Latin America,25-34,Footwear,81.34,0.44,35.79
971,UK,25-34,Footwear,652.12,0.41,267.37
972,Latin America,18-24,Jeans,301.0,0.43,129.43
973,Latin America,25-34,Polo Shirts,1187.85,0.19,225.69
974,Latin America,35-44,Accessories,710.6,0.2,142.12
975,UK,25-34,Jeans,208.57,0.25,52.14
976,UK,55+,Outerwear,842.08,0.33,277.89
977,Latin America,18-24,Accessories,1082.41,0.41,443.79
978,Europe,35-44,Accessories,906.96,0.44,399.06
979,Asia Pacific,18-24,Accessories,137.91,0.4,55.16
980,Asia Pacific,35-44,Footwear,1080.27,0.48,518.53
981,Asia Pacific,55+,Accessories,963.02,0.41,394.84
982,UK,18-24,Polo Shirts,232.05,0.26,60.33
983,UK,45-54,Accessories,109.55,0.24,26.29
984,Europe,35-44,Footwear,690.91,0.39,269.45
985,Asia Pacific,45-54,Accessories,229.44,0.22,50.48
986,Asia Pacific,18-24,Outerwear,1009.78,0.18,181.76
987,Latin America,45-54,Outerwear,462.08,0.34,157.11
988,UK,45-54,Footwear,1099.83,0.44,483.93
989,Asia Pacific,18-24,Polo Shirts,700.54,0.19,133.1
990,Europe,55+,Polo Shirts,260.07,0.43,111.83
991,Europe,45-54,Jeans,210.54,0.43,90.53
992,Asia Pacific,45-54,Footwear,712.94,0.32,228.14
993,UK,55+,Accessories,926.17,0.17,157.45
994,Europe,45-54,Footwear,948.73,0.21,199.23
995,Latin America,45-54,Jeans,367.12,0.4,146.85
996,Europe,45-54,Footwear,284.88,0.4,113.95
997,North America,25-34,Footwear,69.27,0.46,31.86
998,North America,55+,Jeans,831.08,0.35,290.88
999,UK,45-54,Polo Shirts,138.05,0.19,26.23
1000,Asia Pacific,55+,Accessories,533.88,0.19,101.44
1001,UK,35-44,Jeans,741.93,0.4,296.77
1002,UK,35-44,Outerwear,1127.68,0.21,236.81
1003,UK,45-54,Polo Shirts,408.57,0.26,106.23
1004,UK,55+,Outerwear,337.24,0.32,107.92
1005,Latin America,55+,Polo Shirts,802.28,0.16,128.36
1006,Latin America,55+,Accessories,762.12,0.24,182.91
1007,Europe,25-34,Accessories,431.93,0.29,125.26
1008,North America,35-44,Footwear,1117.32,0.25,279.33
1009,UK,55+,Outerwear,1021.59,0.2,204.32
1010,Europe,55+,Polo Shirts,307.58,0.4,123.03
1011,North America,25-34,Accessories,325.01,0.43,139.75
1012,Asia Pacific,25-34,Jeans,639.15,0.24,153.4
1013,Latin America,55+,Accessories,939.61,0.42,394.64
1014,North America,18-24,Jeans,100.65,0.28,28.18
1015,Asia Pacific,55+,Polo Shirts,847.34,0.33,279.62
1016,North America,55+,Accessories,795.47,0.45,357.96
1017,Latin America,25-34,Accessories,316.2,0.41,129.64
1018,Latin America,25-34,Polo Shirts,833.56,0.43,358.43
1019,Europe,55+,Accessories,1131.21,0.2,226.24
1020,UK,55+,Jeans,103.8,0.17,17.65
1021,North America,55+,Accessories,417.6,0.46,192.1
1022,North America,25-34,Outerwear,553.9,0.29,160.63
1023,Asia Pacific,55+,Footwear,1084.15,0.25,271.04
1024,Latin America,55+,Jeans,1156.6,0.4,462.64
1025,North America,45-54,Outerwear,560.73,0.44,246.72
1026,Latin America,18-24,Polo Shirts,912.53,0.45,410.64
1027,North America,35-44,Jeans,661.41,0.26,171.97
1028,Europe,18-24,Footwear,668.45,0.45,300.8
1029,UK,45-54,Footwear,369.81,0.16,59.17
1030,North America,35-44,Polo Shirts,299.5,0.17,50.92
1031,Latin America,55+,Polo Shirts,381.21,0.37,141.05
1032,Europe,45-54,Jeans,689.78,0.17,117.26
1033,North America,55+,Accessories,83.53,0.26,21.72
1034,Asia Pacific,25-34,Polo Shirts,1093.34,0.39,426.4
1035,UK,45-54,Accessories,229.73,0.27,62.03
1036,North America,25-34,Outerwear,303.1,0.21,63.65
1037,Europe,45-54,Footwear,646.02,0.25,161.5
1038,Asia Pacific,45-54,Accessories,866.63,0.31,268.66
1039,Europe,25-34,Footwear,160.09,0.32,51.23
1040,Europe,35-44,Accessories,415.35,0.42,174.45
1041,Asia Pacific,18-24,Outerwear,1163.98,0.41,477.23
1042,Europe,55+,Polo Shirts,351.69,0.31,109.02
1043,Asia Pacific,45-54,Outerwear,410.01,0.45,184.5
1044,North America,55+,Polo Shirts,1011.97,0.19,192.27
1045,Asia Pacific,25-34,Polo Shirts,107.75,0.24,25.86
1046,Asia Pacific,55+,Footwear,584.31,0.44,257.1
1047,UK,25-34,Outerwear,486.56,0.28,136.24
1048,Asia Pacific,55+,Accessories,414.07,0.49,202.89
1049,Asia Pacific,18-24,Outerwear,378.55,0.31,117.35
1050,North America,18-24,Footwear,155.08,0.43,66.68
1051,UK,18-24,Polo Shirts,412.05,0.29,119.49
1052,Latin America,18-24,Footwear,99.51,0.3,29.85
1053,North America,18-24,Jeans,948.11,0.28,265.47
1054,North America,18-24,Jeans,507.96,0.4,203.18
1055,Latin America,25-34,Accessories,560.49,0.34,190.57
1056,Asia Pacific,45-54,Footwear,1077.63,0.48,517.26
1057,Europe,55+,Accessories,806.76,0.24,193.62
1058,UK,18-24,Accessories,59.27,0.19,11.26
1059,Europe,25-34,Jeans,1134.65,0.29,329.05
1060,Latin America,25-34,Accessories,322.72,0.37,119.41
1061,North America,25-34,Jeans,173.76,0.45,78.19
1062,North America,45-54,Polo Shirts,933.35,0.27,252.0
1063,UK,55+,Footwear,625.55,0.38,237.71
1064,North America,45-54,Accessories,548.84,0.27,148.19
1065,North America,35-44,Jeans,336.93,0.37,124.66
1066,UK,25-34,Outerwear,679.59,0.46,312.61
1067,UK,35-44,Accessories,365.54,0.23,84.07
1068,Latin America,18-24,Polo Shirts,1086.82,0.29,315.18
1069,North America,18-24,Polo Shirts,297.49,0.5,148.74
1070,North America,45-54,Outerwear,1067.01,0.45,480.15
1071,Latin America,55+,Jeans,693.32,0.35,242.66
1072,Asia Pacific,35-44,Accessories,1002.76,0.33,330.91
1073,Asia Pacific,55+,Jeans,869.77,0.25,217.44
1074,Asia Pacific,45-54,Polo Shirts,851.2,0.33,280.9
1075,Latin America,18-24,Jeans,423.0,0.45,190.35
1076,North America,55+,Polo Shirts,318.98,0.39,124.4
1077,Latin America,55+,Jeans,292.52,0.25,73.13
1078,Latin America,18-24,Outerwear,1035.77,0.22,227.87
1079,Asia Pacific,35-44,Footwear,993.49,0.24,238.44
1080,Europe,18-24,Outerwear,556.66,0.21,116.9
1081,North America,55+,Outerwear,202.27,0.18,36.41
1082,Asia Pacific,35-44,Footwear,489.59,0.3,146.88
1083,Europe,35-44,Footwear,762.24,0.19,144.83
1084,Europe,18-24,Accessories,572.56,0.21,120.24
1085,UK,55+,Accessories,947.22,0.34,322.05
1086,North America,45-54,Outerwear,1197.27,0.21,251.43
1087,Europe,55+,Outerwear,269.8,0.17,45.87
1088,Asia Pacific,25-34,Polo Shirts,578.6,0.26,150.44
1089,UK,45-54,Polo Shirts,545.63,0.23,125.49
1090,North America,35-44,Accessories,400.17,0.33,132.06
1091,Latin America,45-54,Accessories,277.81,0.19,52.78
1092,Asia Pacific,35-44,Polo Shirts,125.55,0.41,51.48
1093,Europe,35-44,Polo Shirts,1070.19,0.47,502.99
1094,Europe,45-54,Jeans,532.83,0.41,218.46
1095,Asia Pacific,35-44,Jeans,621.43,0.34,211.29
1096,Europe,35-44,Polo Shirts,1104.48,0.45,497.02
1097,UK,25-34,Jeans,942.73,0.39,367.66
1098,North America,55+,Footwear,200.08,0.15,30.01
1099,UK,55+,Accessories,700.23,0.29,203.07
1100,Europe,25-34,Accessories,558.59,0.45,251.37
1101,Latin America,45-54,Polo Shirts,966.79,0.27,261.03
1102,North America,18-24,Outerwear,882.87,0.16,141.26
1103,North America,18-24,Polo Shirts,843.97,0.41,346.03
1104,Asia Pacific,18-24,Jeans,441.63,0.43,189.9
1105,Asia Pacific,25-34,Outerwear,975.71,0.21,204.9
1106,Latin America,25-34,Jeans,110.25,0.34,37.48
1107,North America,35-44,Footwear,233.57,0.22,51.39
1108,Latin America,18-24,Jeans,435.97,0.4,174.39
1109,Asia Pacific,45-54,Footwear,138.33,0.25,34.58
1110,Asia Pacific,45-54,Footwear,320.24,0.26,83.26
1111,North America,18-24,Jeans,1004.67,0.45,452.1
1112,UK,18-24,Jeans,1140.49,0.32,364.96
1113,Europe,18-24,Footwear,400.29,0.38,152.11
1114,Asia Pacific,25-34,Outerwear,354.19,0.29,102.72
1115,Asia Pacific,25-34,Footwear,371.88,0.25,92.97
1116,UK,25-34,Accessories,369.38,0.37,136.67
1117,UK,55+,Footwear,91.32,0.2,18.26
1118,Latin America,45-54,Outerwear,1115.95,0.28,312.47
1119,Latin America,45-54,Accessories,295.75,0.22,65.06
1120,Europe,35-44,Polo Shirts,533.0,0.39,207.87
1121,Europe,25-34,Polo Shirts,61.14,0.48,29.35
1122,North America,55+,Outerwear,1036.65,0.5,518.33
1123,Latin America,55+,Footwear,890.83,0.31,276.16
1124,Asia Pacific,45-54,Jeans,1138.77,0.24,273.3
1125,Latin America,25-34,Outerwear,948.86,0.3,284.66
1126,Asia Pacific,35-44,Accessories,410.76,0.45,184.84
1127,UK,25-34,Accessories,335.05,0.22,73.71
1128,Latin America,18-24,Polo Shirts,852.37,0.48,409.14
1129,UK,25-34,Accessories,468.73,0.27,126.56
1130,Europe,18-24,Outerwear,701.15,0.5,350.58
1131,Europe,18-24,Accessories,57.2,0.44,25.17
1132,North America,35-44,Outerwear,121.17,0.43,52.1
1133,Latin America,45-54,Jeans,665.67,0.26,173.07
1134,UK,25-34,Polo Shirts,700.98,0.15,105.15
1135,Asia Pacific,18-24,Accessories,914.17,0.28,255.97
1136,Europe,25-34,Outerwear,201.76,0.26,52.46
1137,Europe,45-54,Footwear,640.16,0.16,102.43
1138,Asia Pacific,45-54,Polo Shirts,273.61,0.33,90.29
1139,UK,55+,Jeans,157.18,0.29,45.58
1140,UK,45-54,Outerwear,522.07,0.37,193.17
1141,Latin America,35-44,Jeans,237.84,0.37,88.0
1142,Latin America,18-24,Jeans,305.05,0.19,57.96
1143,North America,55+,Accessories,415.19,0.49,203.44
1144,Europe,35-44,Accessories,348.3,0.22,76.63
1145,Latin America,25-34,Outerwear,150.73,0.31,46.73
1146,UK,18-24,Footwear,153.4,0.32,49.09
1147,Asia Pacific,45-54,Outerwear,272.24,0.43,117.06
1148,UK,18-24,Footwear,108.14,0.18,19.47
1149,Europe,25-34,Jeans,770.43,0.3,231.13
1150,UK,55+,Polo Shirts,380.43,0.37,140.76
1151,North America,55+,Outerwear,371.71,0.23,85.49
1152,Europe,55+,Outerwear,431.8,0.37,159.77
1153,Asia Pacific,45-54,Footwear,812.22,0.47,381.74
1154,North America,35-44,Jeans,1051.23,0.5,525.62
1155,Europe,35-44,Jeans,922.95,0.16,147.67
1156,Asia Pacific,18-24,Footwear,886.66,0.23,203.93
1157,North America,45-54,Jeans,607.05,0.26,157.83
1158,North America,55+,Accessories,847.88,0.29,245.89
1159,Europe,55+,Polo Shirts,685.68,0.23,157.71
1160,Latin America,25-34,Outerwear,298.69,0.22,65.71
1161,North America,25-34,Polo Shirts,289.88,0.48,139.14
1162,North America,55+,Outerwear,390.85,0.47,183.7
1163,Asia Pacific,55+,Accessories,1097.42,0.17,186.56
1164,UK,45-54,Jeans,679.53,0.27,183.47
1165,Europe,35-44,Footwear,893.99,0.29,259.26
1166,Europe,25-34,Accessories,448.54,0.23,103.16
1167,Latin America,35-44,Polo Shirts,518.87,0.37,191.98
1168,Latin America,45-54,Footwear,194.4,0.37,71.93
1169,Europe,55+,Jeans,246.99,0.45,111.15
1170,Latin America,35-44,Accessories,1001.46,0.41,410.6
1171,Asia Pacific,55+,Footwear,722.56,0.34,245.67
1172,Europe,55+,Accessories,438.16,0.38,166.5
1173,Latin America,18-24,Accessories,973.28,0.25,243.32
1174,Europe,35-44,Jeans,333.5,0.36,120.06
1175,UK,35-44,Outerwear,1172.44,0.32,375.18
1176,North America,55+,Footwear,446.54,0.2,89.31
1177,Europe,45-54,Jeans,437.91,0.23,100.72
1178,North America,18-24,Accessories,408.7,0.25,102.18
1179,Latin America,55+,Jeans,190.43,0.47,89.5
1180,North America,25-34,Outerwear,177.81,0.23,40.9
1181,Europe,25-34,Footwear,795.32,0.25,198.83
1182,UK,18-24,Outerwear,1056.39,0.28,295.79
1183,Latin America,45-54,Polo Shirts,959.1,0.38,364.46
1184,Europe,55+,Footwear,212.27,0.19,40.33
1185,Latin America,35-44,Outerwear,677.42,0.48,325.16
1186,Asia Pacific,18-24,Accessories,171.43,0.45,77.14
1187,North America,45-54,Footwear,102.09,0.35,35.73
1188,Asia Pacific,35-44,Footwear,804.84,0.39,313.89
1189,Europe,25-34,Jeans,665.43,0.16,106.47
1190,UK,25-34,Accessories,144.33,0.27,38.97
1191,Latin America,35-44,Polo Shirts,90.18,0.43,38.78
1192,North America,18-24,Outerwear,1188.22,0.18,213.88
1193,Latin America,25-34,Jeans,84.52,0.25,21.13
1194,Europe,55+,Outerwear,561.21,0.35,196.42
1195,Latin America,35-44,Polo Shirts,630.31,0.24,151.27
1196,North America,35-44,Polo Shirts,184.87,0.48,88.74
1197,Europe,25-34,Footwear,244.42,0.2,48.88
1198,Latin America,18-24,Polo Shirts,454.58,0.43,195.47
1199,UK,55+,Outerwear,925.93,0.33,305.56
1200,Europe,18-24,Accessories,633.14,0.41,259.59
